PM2_5,PM10,NO2,SO2,CO,Ozone,Temperature,Humidity,Wind_Speed,AQI
118.61663446573512,285.3014513275032,31.84427468159985,42.48837924062501,2.6908862689854693,84.47670298956727,33.54460479731143,41.48896616953422,11.439917565671855,119.13
285.7071488588757,223.71661921076574,83.57563736986194,39.37618645511902,2.5450901108127986,78.80750151892458,37.88384890169803,80.19802342646972,16.108646585999725,193.88
222.27824312530748,137.62049418880454,131.5771462020792,4.000081132901983,9.071920347158263,61.617605631001595,18.766376457737465,94.7928424927702,15.20321859580318,118.63
183.6109604171406,329.2421074886405,111.17260852938637,28.617330554840194,2.5705073785101105,96.04424292507397,31.87059348624496,22.251950399704462,3.0779980938754736,158.11
55.245405728306594,280.1978455704741,121.95136643991022,31.65525826529685,2.792302288673447,28.042706397556252,30.011109410031203,87.30243993431989,2.984989394829478,107.44
55.23841089749877,81.79443695105869,100.52358817305402,33.10817690995824,7.61804279793784,19.83377892786593,39.14906318758949,66.69729001989936,5.3634873548982664,62.8
26.844247528777842,366.15233010766013,105.38010185508861,47.253444799731916,4.552424440260346,86.85657702598799,41.71304711684412,93.00369643736158,7.221494526820744,111.75
261.19108227473123,332.5641523108042,128.1333694769713,43.62099864469652,7.7894345138562935,49.52348349703735,10.425487001708538,54.87571381448207,8.169111628169652,178.22
184.32335340553055,380.92396705093114,41.20186128458196,49.41659723788868,0.7471249598874139,86.22719687863544,33.59069716705774,83.55409479285302,13.593944336666905,160.78
215.34104756085318,295.7734131875768,75.96661972825537,61.660894400286004,4.9269548173665045,90.37811846758734,11.814252969190516,24.679555144870793,1.133608643316708,154.79
15.969503345782709,253.09777445560016,37.075369063842324,65.4128876198553,0.4327746418144981,15.62118342571643,29.21005327770746,45.14592875587218,0.6934540845213277,47.85
291.2738571269783,178.93235379043517,148.2118611595138,58.01359994566656,0.7202667142080098,89.51182866874547,20.067145516528736,25.026240331340748,7.8382112588781805,184.55
251.4083658321223,374.43682367452504,141.8886042545589,76.5308482844849,9.073730788109668,50.348714983247994,20.737180983274943,93.15073501093029,13.94327384275961,212.18
71.57834209670008,349.10427801015516,10.716887648433355,3.422141448756207,1.4785291740641922,55.9389240103809,22.35354762083248,81.27304304538775,3.8687068591296514,102.44
62.729240490059176,37.183094640351975,107.30840001477483,17.270682883316596,5.370964754524649,66.39332599838892,31.745235716736353,83.9410565934478,12.830089625125034,58.45
63.18730785749581,30.01945030895576,139.16100602527155,2.5899042482950856,4.1698464657469945,93.3744346057078,21.691748798406923,90.34739235754206,5.196562758805989,69.87
98.23025045826594,163.05607941365884,31.183425043463362,52.503027704059036,3.5386989299625426,11.720448498678763,35.64446677065982,26.3827614589839,17.721722176270326,82.81
162.17936517334897,328.0102656970965,87.35205843013128,72.04638281809898,9.008350122303998,52.91591214860354,24.15845849508544,48.9198194385,17.91379888533233,162.62
135.26405540621357,395.1649291396789,137.74580315026606,20.991619132951342,0.3160516280773461,71.89498381875046,12.39236201084855,25.32761667830016,5.945744085626529,151.45
94.45645065743216,77.15841861934071,9.922166894940833,74.30869449411192,6.671517893138332,75.04362619284056,37.43159448694375,35.80948261625215,4.599875079264811,81.12
187.43733946949004,245.76967183381134,106.12593875079179,6.700856442585747,9.63760489871415,72.32791883833971,20.00154136074471,37.20243327782543,8.226079441324625,147.33
50.45321958909213,164.73852551978817,48.11560606901986,74.88601009083011,5.645665016272235,22.099161646730966,25.14684078597419,55.1830408285684,4.810631703602974,73.32
94.72194807521326,388.5674711695492,139.0374483295969,29.426569604691483,9.374542374127609,36.94560295345131,33.99053591276655,40.14216255902319,13.447676865834072,132.05
116.24493455517059,340.0051907915693,145.80344554897832,9.910824619038888,0.6173530049316353,42.28439728753121,21.635965500204918,27.573358011332083,16.52129369096571,137.87
142.26029542294043,338.5649077902324,141.91864092144792,39.8979972165334,4.246053858834197,82.39934869115545,11.980497965135047,32.56183168205808,13.46184261822434,143.63
237.70102880397394,198.1034007220887,73.76106141533225,22.02857228219962,2.6755621305243067,35.088388517309774,23.087236645448478,31.04566726640682,16.48700894498699,134.3
67.90539682592433,177.63141088831276,129.99618439345045,24.22008635302998,7.335127553309225,28.963446748048284,43.05570039430062,92.98075984342238,7.939843244149483,80.96
159.12798713994738,123.89468733366837,127.4596627875852,25.96861726425035,9.814841195922742,96.17032171342865,32.460703905449535,76.94693801888552,3.126339414177217,106.11
181.8002249699923,41.4226887273523,51.26956862027207,64.63602003094775,2.6396476181980533,10.7976956602122,33.501770203352244,92.58210989521714,14.759018947951843,110.18
23.47061968879934,348.59450297692024,125.19274375184821,44.05457958066985,6.576328554593337,99.80387701137803,32.12987537731739,52.98053648809314,7.209490102831078,126.68
186.18800705141712,328.9023834694295,10.366107033746431,26.282000534168283,2.0611665643214274,70.9139168971656,16.964724863580287,40.877636124699244,13.42541650458265,160.95
59.451995869314544,399.8927158487296,91.4591323798977,49.60603509825163,5.696769520258938,84.56223695042054,24.641685243579804,79.871989790689,5.412878839635313,117.71
28.86496196573106,398.72199808808404,38.35128140671694,57.8597525894091,4.692931618214528,36.51574567115738,36.28289294271614,44.469043853086006,1.6245926961334534,108.41
285.17680580346666,231.06404812899842,22.482198437705428,23.264672057215634,9.722852763352217,11.288374990035399,13.54805141436057,42.45375302790112,19.851635909755267,147.36
290.03328959162224,312.215217768594,16.158214236235327,34.25682991897742,6.124419999695019,76.40825667053771,19.724847163139927,37.43794941558734,3.1240301586119856,173.1
244.43523095377373,379.01097735532267,105.96187250233027,11.507115280281909,3.5601130836595063,85.07301373006082,19.671168796304876,29.725923366817653,19.768419879269622,178.02
98.3379930602775,342.86600845741634,54.28186974636959,16.129649263705065,1.2295482703905405,76.64285187581672,25.120662465807712,39.23472957625745,19.545598651328945,131.49
38.32491306185132,113.9922786624151,110.09118187167041,55.12719260926866,1.5973436044758522,22.856525857075475,44.31290593297648,46.648981135541575,15.876362078160792,57.15
208.4275776885255,191.20677141783554,14.476669415846644,16.1521911202589,2.3306376065172274,77.80851300312722,12.362589133933767,70.54956561092979,13.18845924163995,132.97
137.64422318448436,69.0805777575681,50.7170989854385,42.96274392603069,2.5845699472689505,79.20305038968769,28.154534803320825,24.69236316645887,11.556141005021694,87.55
45.39108810498586,382.5393903583145,83.22623739442389,57.30560841434975,8.521098972627264,69.26864641030494,16.277763870427364,35.78802047490072,17.322030907556695,145.31
153.60130393226837,250.34636109133442,119.65485890164972,10.33640000139002,5.656105603996997,78.95043395160276,43.97367908934105,80.67677302187573,5.788790432389758,118.07
19.972671123413335,106.88426609131584,51.219112925150135,46.250353131054474,5.281570022606227,86.1329295709959,13.965622665461247,31.019144268782807,9.35362424969754,63.52
273.7029166028468,275.2462600742256,95.75424958336632,22.011897128706373,1.236211831505253,65.22437028137125,24.126035082655694,45.69838598918912,12.387799387330038,184.43
85.0461946640049,254.88873137400043,133.46677349424712,77.10829626853122,8.615382964159407,17.974424257271117,35.82597446921122,84.8494191393605,8.223809517389821,106.89
202.13146246265478,156.1018328524794,94.30016228643416,39.716560444154126,7.255861601763988,53.88650287004898,34.65940498096059,31.6193983357582,8.54972908180536,139.73
100.39621206592918,63.151885035859024,38.7791238392769,64.86741888246233,0.7699167828100156,16.988440120444455,24.79550229128763,26.205262671364242,6.605693350041689,65.24
160.81972614156513,275.19781432526383,8.538113325698014,44.91767028818842,7.10756746257471,46.678872792918774,22.128345878345137,56.34034963100081,11.28463633369072,123.78
168.5459810095511,217.71692634344146,131.16433671563482,5.386177562675895,5.481028351692196,46.63958402130649,23.91643324935047,42.68146334589023,17.01149056030232,122.16
63.60779210240284,313.48098885954295,8.084064573306135,51.385807296333745,0.9090809228931047,15.940885972621743,19.249669210552376,62.25562733628906,4.030567560126257,85.96
291.17954205172197,217.66213042255748,131.8317425392089,76.20946069211925,4.637176351133699,41.39384805725314,17.186652854737993,80.28536678626064,18.68866077506883,199.95
234.78851877472323,343.82897012104524,81.69588443394574,48.925721971413836,4.898493242587465,19.989828891218338,26.90638941456115,30.28613661145574,13.781753074964593,173.41
282.45469305361485,229.7245987343045,141.16481628436995,65.89673103528963,1.7411679476164301,82.74116890082999,19.398681462366255,63.55243134157137,16.465464253600604,187.57
269.49993162401813,233.1564291834468,120.82356918718148,70.96810414117581,9.462411655302795,95.29192233680237,20.061158271403755,57.91315702923979,11.123813852600232,172.51
183.3909938552147,353.1283690101711,149.70044602733392,19.790222212016733,8.514756177658553,16.508482773214475,32.9864622216095,30.805908950989966,15.59033402848127,159.42
277.3435281567039,173.32348916071086,55.85321324049797,18.539497512841677,6.7233211395581725,95.96036865625312,43.898806609496226,66.79988641467368,0.3240079467893442,164.88
35.66282559505665,70.92578681124348,116.2423018950134,49.65651713037735,4.676726053906011,57.031893940307064,31.127302019578128,40.523031339557875,16.367608495590705,43.31
66.8350301015521,30.93741699906881,63.27998247334011,34.060220644922964,4.176478861686634,36.96091101584865,12.694281347273819,56.58757389080094,0.8027771817073304,44.25
23.11591378405604,306.9521571559752,74.58196494406678,67.50918162360419,6.544637324794446,16.917586774854716,12.645426484892344,26.17042432077964,17.79826752725725,94.18
104.34579592134666,255.71762951431657,95.98829216666367,72.20180362504487,5.499775507128364,55.056184126337605,43.299812729594805,54.468804291021726,19.839254944772865,118.65
122.71641400994979,287.5503118777049,131.6831815570191,29.566867585612012,0.7165037482306675,81.50639900416738,20.405177660756678,42.98476010321153,5.881349243535556,127.66
88.69121921442981,100.92638137338608,147.69210303389778,20.4759036000096,5.173776222826284,73.63778295400283,13.22234451288664,81.67859083890158,4.206371125715873,88.68
250.3338776540595,71.82116072297251,116.39964501035514,62.88099018902122,8.083395810605111,14.520341031757638,30.966560550263356,24.273404524802622,15.307267277160815,140.14
113.45846474114089,25.52697295379513,65.5761834142634,23.434870772754614,4.6464747882098845,16.561165183111317,31.827707240159313,51.39554561887475,5.060526818405064,69.22
91.47100780934042,153.22327234650686,66.09676533017517,66.16391684406692,0.6143701177872573,46.25859543693734,32.69766870415408,54.38235680985785,17.31124766344407,73.06
167.38186411589206,244.16872100476058,111.94943373038926,35.0515837846035,7.884154173901927,36.57614446431489,19.359070975013946,74.37545572243391,2.056851843149534,133.74
50.86802524268117,169.05273713789828,39.622686136403836,54.0688921447347,2.0935014431461467,30.914589075044304,10.528873947506627,63.07156813176582,2.519103927587165,78.75
242.6371244186715,186.24047036901703,21.018746404052226,9.451754479104117,2.660346265391584,35.29040490178423,43.775537930906516,70.04092528956357,19.583031102012313,139.81
31.61968666713354,363.5803039076244,56.420212857912595,50.6610273247727,1.7305928989797295,82.31344689671961,18.781256599188588,78.27869642388171,13.476777965400093,90.73
296.19721161415004,152.33707746885412,46.64965378984185,37.23787894150387,3.369129142227826,93.63052482686685,33.660920081839166,84.66522302436415,16.937744488579057,157.62
233.95098309603065,215.3160058807281,47.964677466118566,47.75546012768698,7.591839906317487,46.45924250748098,34.732045445754835,43.54066225418529,6.486587547030361,126.46
67.62754764491,317.7881448416344,38.87312390223694,15.105108204099347,5.24192000908898,91.54999019192473,31.350259597782,60.35170290229272,13.529674990412088,105.64
11.601413965844696,170.68625728208266,11.103512497272472,59.47615210564621,2.1283246140920546,38.93461311230938,20.951758797477687,83.00810588293999,11.884836546171943,69.22
246.48381425190192,256.3929460865919,7.591720536345003,69.29817204837182,8.790517773705204,52.87932877094124,19.488368881742304,94.20883482237923,12.06300240245894,146.87
214.98862971580897,347.69820932376314,148.21974651172457,18.9057044070805,8.807860364020138,30.342609803439974,30.918389894594608,86.71394832828224,13.650649190754432,169.74
221.4120787318863,380.817836989904,67.02710439170005,9.465735330572615,8.718726407955469,67.64284379582597,40.3133471764092,47.86004469682826,11.50718346258197,184.01
233.66840053892426,75.88792275303442,60.72736383815384,3.843809711614239,2.464082492677239,98.1083003657328,43.13568051231884,34.63748879139878,8.581247386053318,99.87
31.472949002886203,372.10329756136787,103.54885599049513,52.073777034574746,4.567269507391782,64.31437864390408,13.706703154131517,56.70444030549415,5.518453887610937,108.0
113.95506127783905,207.0041913702245,36.646813740434304,49.3533348149249,9.851397595794664,42.203267570219396,15.419001440920194,75.62310888770317,15.37162661826404,108.52
43.60202726228762,118.13286755360417,142.74437167278268,44.64239819169746,7.742923515468904,68.30357013914755,43.065769057407785,56.942680306497316,4.525448600063724,69.4
260.2999935039221,194.47158737053928,119.02002709025504,20.091873497046084,0.36895747013304225,21.06286106188488,35.77873299171774,56.238564748525135,13.847086123088284,149.27
190.7564567799918,392.4123786084813,17.96459533527763,32.49066768063014,0.7455254534788713,89.97931722388587,40.904783869042056,82.86728158113505,4.666656452986533,165.53
105.96042720726827,207.19487571729044,65.54921248881462,48.369154144521495,4.692920630442094,55.27755557018527,17.09214219473701,47.10528343003898,12.506603399089078,105.03
28.431921582946853,144.92561190925312,132.47215459651386,40.74781499101521,9.101280038029445,50.441476783567786,30.565505488829064,84.48460061087343,14.941565342580578,76.36
100.18487329754204,260.69232464035576,141.9861432322545,79.0472705767612,5.433147799731871,62.727830960816725,34.53988580461158,50.51036007137927,4.374277778130784,121.75
104.30316338775664,111.25533513571337,72.77321913123112,12.642300699425185,5.028343829539473,66.23054765104622,33.80391599064404,44.61748292587546,1.1988660172261656,83.3
221.5857917180386,48.82806468129229,93.94465143555261,56.22127521571232,1.1441896295706429,16.459822560386172,24.285309180334433,54.04924333997742,2.6194748598834816,107.86
194.8916666930118,68.9742943260467,29.219922183350906,33.536863912134784,6.602123036770511,71.43554991010622,10.538821209195797,77.18352190061513,12.119939345420509,104.6
267.2916953471347,68.65741880395353,148.7194507898616,35.39956996419795,8.238821289942232,31.773851228397664,30.40241198814921,29.450152089799573,16.98892812451471,136.98
146.9423282969653,77.72302353467185,38.592396700599295,57.97262572133775,3.866158074324867,74.25573692559308,18.858553871286304,34.731441190401306,0.8999364247084873,85.03
44.682331322107494,72.75432560677585,141.6961072495932,56.010019803300835,7.778557324160742,84.0281314945777,25.75889861500116,91.3583619247319,14.683025180832924,59.25
216.84098829466856,263.5324030252216,99.19876410389342,79.31796750877069,9.648318873618035,82.35626567972683,43.51533552793361,33.161872053601805,6.8263729190010425,164.55
230.62766409890025,89.11443207167504,93.12183525743457,12.014754577421769,2.1172879453641222,59.72508706671002,23.966236117485217,62.57954884482909,9.57056739839045,111.48
172.7703872951539,151.35356766306802,79.33983409739375,10.120552651964974,5.280963348827939,56.81529030796761,39.39305623325494,63.44858499964534,18.577190996911312,100.71
233.58048218682268,360.7795957642845,38.44712269907501,58.49842773604181,2.942665785037298,22.858836520547055,16.59892120122379,56.72183465376836,6.639430094716909,172.07
153.2007229456733,200.1054232998915,30.596564640798697,47.11417952649991,7.9492587484350095,79.7811535362822,33.536117430876004,68.3558936432614,9.30673867878972,117.01
161.59252052077827,273.67194063799036,36.97050031517543,23.384531991664858,5.818174322223459,34.42684424020429,44.19524340536302,37.23700443482139,0.2736482952136221,134.07
133.9868953239794,85.48155105661934,32.0335480109169,8.194710781140955,6.382365933748007,54.70258805361519,13.566258530552787,61.449670083256116,1.6319744000967673,74.24
17.371546755787605,93.06982714729489,118.03974866717923,8.681343468521582,7.999350180197351,35.5846683634765,10.29119797795172,47.91299414351728,5.1718318226956805,56.24
41.28851382805829,35.530074181261966,55.768162579175865,71.74688822380122,4.020107679358303,22.044552669972383,25.175397742141502,69.62504447218919,0.5570448164214881,47.36
19.114463849152934,84.19532396742252,13.387188101692473,16.965651328061945,9.159391677229728,66.66019272025629,13.241891906797852,30.59176575298621,12.627506520965019,43.68
194.5590192664963,125.86432883214428,145.51988137041764,27.22298184501062,5.376985785736785,14.889883134061344,36.1934522386681,62.81580626296072,8.527967136032451,114.91
101.16323451213474,87.2639840251638,133.14895331969672,19.679199373705064,1.6637527460699455,77.378071071358,42.00920323469956,33.89527665374928,10.96290405456044,83.04
157.4855004377638,53.70696282768113,139.52408106330589,29.68971185489111,6.989401269871144,38.5828115735005,25.19073404480656,40.89822973362773,3.492943717926591,101.69
273.194277438567,65.8416310182283,149.26163428373312,7.415059734195283,7.953287369338718,10.012122370403679,19.054907475440434,36.40323502426874,5.918640588732322,139.05
82.29474645317373,195.0959318524358,30.214811136825656,42.48666369084509,3.235940602968514,56.001622531350684,25.20411616523134,33.71283349016129,13.276489497054502,62.25
129.01104768033264,98.40681299420115,62.45509274088552,7.273779960192762,8.586074644287654,14.216671767484282,35.320673624750036,81.92832136705002,19.306054472607997,84.4
229.10983017748413,158.4225471982687,114.94457897709324,64.4278076101442,9.070818222181087,34.85526020388095,10.316895655312985,41.428067574566775,1.008335472044184,167.38
76.35146799257052,211.2985629248456,105.92298961779987,20.229542389013776,2.8413544250403087,73.62788387101446,30.6308896319644,89.5342836398337,17.807686417105323,90.72
32.324173850349965,282.35003487915884,27.314906419278984,44.12092933915183,9.836862579880698,15.642065945967929,31.465208971058267,92.74448940088932,11.537624026224169,77.98
94.02792134499273,34.938613139617594,123.29580312363957,70.64616882979374,1.4930441276827084,85.54046431204021,32.319088641357745,62.8445352452823,11.278391335112474,76.37
56.75417330366128,323.7759515854362,37.543882916315795,52.768434785681144,2.099955117184651,10.34379303927248,18.470772799330703,30.72508419992948,10.005570704155208,101.06
279.6123191793462,258.60214800654495,37.45355414928034,43.57070735100415,1.9238259084564588,32.2141482281712,34.99184531823444,48.09111825346859,1.3878817180836678,175.28
244.3549100736809,51.068432140571325,82.86129131954497,27.298032742999297,8.950498129077918,76.68136505368643,13.198702021612174,79.82991975111605,1.7975370347232134,110.85
193.6870893880228,351.95987716057533,90.97629055204696,27.974149218539438,6.577496268017122,38.46431347563761,16.97446177633803,47.55430465228028,12.018240113181722,169.89
262.7235711544381,369.93151220208904,89.11250013648262,54.21998250545883,1.6058324039005016,19.17031492594122,40.71145163290687,26.526291372709156,6.819171428711166,193.26
243.0649023007432,43.20962474484823,18.265591422674454,79.54287017525107,4.459201841846655,42.42105269203851,35.85531027542982,61.758868319614095,18.34536133155361,109.52
64.1053170769504,125.21350629593742,132.23182508140513,53.62345680825153,6.1914504481910395,34.3353957746073,10.481094390397084,83.38406386220261,8.131810747189444,83.42
268.8421095620935,326.3564863213633,43.51200617536238,45.50710655486194,0.9262944413948946,85.84407119444994,18.693169112943007,79.69447903576267,2.8656291740528217,187.49
166.4092501555387,304.3386823457902,23.779663586006606,58.990739798661195,8.835922047232653,38.20131258266288,17.50422690476076,33.134235509776495,14.29437667004072,147.04
244.15764499757813,90.11798735542338,133.8684715810017,38.286037758130014,8.055675000871199,81.00392245984065,19.478221481294042,70.457346080935,5.867068428820197,128.07
269.866476977813,99.55274286794992,143.56946724331425,6.691102722861247,5.101547058408718,90.26849303296612,18.664591959796024,36.53781975767353,10.509406147117863,155.17
102.22100774184052,160.77939906072515,130.00850450349034,45.859151638476966,9.674553491065787,49.04356776188766,12.1884203509996,36.36556509141292,13.956655710103401,102.55
41.91505811302626,204.1187343725881,122.37983083510733,76.69477219141966,4.235833694823487,91.89488294689528,26.06291808088871,85.55538299788888,18.00528222404141,92.07
76.10119713716308,254.93681318151246,100.01008719265815,15.673629503897452,9.842692158461329,43.95862485668736,35.64567161751578,38.72517145551726,15.843823896033522,105.87
133.86125870161433,160.18718303651352,84.8743187383252,55.820381484011925,6.712407988155908,96.76705748410974,31.235610365110276,39.74355098885084,13.527221357454483,107.84
247.224282117523,195.7631921305962,17.61308018715447,17.672827715406406,6.383245605214021,18.036057207301564,33.55050840093279,20.049004307097466,13.59266364790287,148.38
259.6118691443396,304.0389564908275,64.22571589525131,43.79455938890034,1.7429534634282717,71.83173398529185,12.840221248768371,85.30017755941383,18.91849288064173,171.27
12.016117854045305,33.939617098427206,59.03983496678553,9.54076307244413,8.831084807215975,54.44326364112358,43.302174856187555,79.4446109906851,5.916481949930721,20.48
158.11671774749405,115.92603885072789,42.6642986452473,37.12893302813844,4.33214791041409,44.88839249100823,39.34721418450587,67.04967013180085,0.02224188392374815,91.31
131.0491909131459,291.0728426361299,109.89591648484482,60.98073965382919,1.7061107172465457,66.94406908737409,38.17816114734819,76.26993229541317,5.439091187963974,134.5
74.41126503651178,360.1785983211357,76.90198158642177,29.110578890640603,0.22481444776001452,73.34713824708982,38.80443317646186,31.403642556836886,4.35782759253488,130.13
44.76095652676801,214.43742800395313,16.75170130660895,53.86311451000301,5.641581268019987,10.392694268527817,42.64486778464665,54.37426959406816,13.236691702279963,77.72
107.90839970705211,222.20312440081995,36.926564282722644,64.04509694159887,5.321256259014495,25.025777987247885,29.04888881397942,46.341454051158564,12.674231995310581,91.66
283.44381413463054,60.7253643091149,104.07252073064141,74.3198699193973,7.22160086145467,74.17414455708868,17.009870625366908,27.033239469276236,11.869227654094477,170.21
103.72885028601901,190.01669939291276,16.038974626093527,20.302082384725377,8.91355472487624,69.97468722203858,31.58742627483894,56.45978639111931,0.324868864189074,93.42
160.44928030557617,222.3945612529088,128.42500253707146,33.146641433126035,0.8861251879659923,96.94427546158094,36.00085227837786,89.05547377569765,14.57556108901295,143.46
213.87549807960158,112.13879138119727,76.79624641702628,13.88844903977256,7.341815254369587,78.49340112257048,35.82710876739089,23.004433928802086,6.47060824970983,120.04
115.45258468999525,122.31242776076476,74.68505371236397,79.41371316835327,1.955378246566064,95.56954369582043,28.250715845840805,41.85956851203454,13.301119780132622,97.6
291.8168039890786,163.36798197975662,90.89912877563005,74.30607549809504,8.595952826255923,73.22864513813263,12.396055176675231,35.56557021542776,11.131568570043067,176.27
289.10971553321224,27.62705515553602,124.57874005914663,44.11665616188365,8.208728787230395,36.824698777549884,22.988952845054474,37.860999024927224,6.8546185085581435,151.14
83.0168657893556,142.39008292160776,55.432335145817994,67.67859696136085,5.453858174356889,19.482843002577084,42.226831296217505,88.13259139095315,2.691525342082155,88.92
154.2020667087918,100.35024265868697,103.31234212106422,42.63472222721929,7.131403706370784,80.3641477010442,30.45571184150991,55.10517906757176,1.888377953209619,113.85
97.25470984686321,144.44899382760758,87.0311347793897,50.639683664215255,3.2120661205191094,67.97342993283243,28.84161801394997,54.97245597048641,16.63036666224447,85.22
92.6037433694656,65.50961009131547,43.71909917456609,8.951705705049296,4.764562199434865,14.336741115396661,19.409873003376774,77.04317318414617,18.36795084163116,52.06
20.69721473281451,358.4003666811601,132.4013480214979,60.91109279875102,8.234205287333669,42.40454193108805,22.89571219708026,31.586915300369434,12.995760935285992,117.76
186.7736568541701,245.56513235053848,120.62677313300458,11.961651723548316,4.646725452014818,96.11198339358576,41.337113120360925,56.544901557503806,2.0686822972096675,153.55
155.77691673636983,278.05888127490607,100.47551602547169,66.43327515969722,3.642202826721874,55.03610311391811,33.32620666343925,52.248891059079476,8.040544337764814,136.39
24.928837862496913,319.88507067078854,128.33435071866506,62.9981908382901,4.992703227777969,48.94562224177342,37.558545936331655,64.7683017909992,14.578784002103145,116.32
90.80747462861731,209.40803559304177,130.75765913917132,57.282086423952165,8.299667599128462,51.192964464336455,25.90208980736793,94.96682774378289,15.596417680201363,123.76
273.3971069303296,53.029709473221004,107.71263162368004,4.820509680931445,3.4185596689716404,28.799445160464735,32.05865268096552,77.70866705615353,2.364372445821772,118.52
79.47294829342201,224.10048589104815,126.36693261273244,25.64401176373563,1.8202397720438637,43.18364537783157,18.693426306012263,49.83992772630704,0.0006143769076483174,90.26
52.01951290645469,242.99962484793406,106.13336194204612,22.522780453045744,7.1489388012747295,43.283193038845894,34.69112905992202,82.06647892055352,14.2427409176121,92.32
151.94130048049328,303.2670001900454,103.62041190524356,30.09063978277849,8.27718430581001,14.711951816872517,24.966046679616806,32.80312724843601,7.131923519724113,143.11
295.8386316920742,184.03062756727817,94.69864984120173,8.836134247579405,1.09631103738298,79.08108656661264,25.489093018516094,22.28477647317201,5.089626632365205,156.61
80.19602873833512,68.48051506231423,114.14391273585798,75.0827101964229,2.474753716283853,47.485398871349105,32.72628136019085,35.33362793482048,0.2579493957905088,85.22
204.91930874770478,127.8348442035153,27.997740267495686,45.19657477556535,1.5055226986338397,83.9961898134781,42.76982175141243,45.53086670856948,10.805988135229994,117.33
230.8696884453281,157.97127263148133,132.72626008384464,25.830896231325838,3.54461997466345,86.53132010079058,12.240222131301731,58.29355680946699,17.023014708519636,144.18
78.91488775779591,265.44855170600846,131.41731152305863,32.96455833179411,4.558474691163585,29.079464922879225,38.866013307145266,66.13468554058998,19.15263292545176,95.04
221.18274109743928,236.8957557741865,9.240856040011076,36.88179815937718,7.513380735936734,69.16181339531157,20.233408864426757,88.29542879108163,11.314899012265784,127.56
116.65710848858343,155.31675584118156,124.74342883189058,48.84635800212815,6.546361090328574,52.50536237466835,25.537180907723226,58.239050716284325,10.289226554797883,107.21
193.36869087213805,394.8757945413323,23.686130783649553,42.22299536032683,6.247192818036469,89.21410641293366,10.766966507125314,57.5956733469297,1.701127709784822,144.35
193.72361612065947,250.19443135561713,53.59223386757557,73.71257391072456,3.5885119714355787,29.41666112588087,20.536612724200957,23.76822573672366,10.977456030851995,148.31
165.37465838167995,110.1461808596779,112.80869716228312,40.76315166665476,8.430330775539124,71.00318802790397,27.592093492054566,22.618366449216786,7.599581579307893,111.04
36.18403331577841,58.67733959575342,28.31018492700469,79.38832515621839,4.765742957241829,64.69769100274503,11.966162707160365,61.336997143727906,12.142705617671538,77.36
252.23772372087902,78.08647289004617,123.60521849726402,68.41114670411747,9.79313888635003,36.57713298146495,27.18835052841078,52.863395993625836,7.774526957530934,162.76
103.0262188418034,113.4639367861131,125.65945580387258,18.263820119872193,6.378007169127795,22.294081328605536,42.44887201004496,82.9385296235224,4.8059824690073345,84.28
64.09036801595772,81.05892183863116,78.58282139532125,74.58642674222547,1.3500209414885773,68.64757844295488,13.688762633773184,32.05096885338839,1.89930550456753,62.71
21.824791050881537,90.89546913949619,5.925951398940869,11.076579035067136,6.794157864546796,76.47377123190977,36.75542548264265,21.87287465877872,6.298368891777915,48.56
181.35895352459013,128.3361641036619,46.62052931036235,65.76107726231294,3.31852975277382,38.4064609387015,24.33848686815974,53.67790759475944,1.9328966857550456,125.09
206.4936649342619,85.88196621200683,94.45440316448261,31.688616891173247,6.894639247192364,68.03493436200824,32.93108000835183,37.81089175641931,3.5379390164796787,100.68
14.810470389078283,360.77086135804154,147.27199581397642,70.48199699471542,0.7894473668078168,45.56178168503529,19.10828092948303,23.72107800041281,19.74672317159092,92.43
158.5069869067915,50.48882335142404,96.61296141741691,69.70842182838113,1.8313262280419982,74.18861949543559,15.58222918894754,74.34487151357217,8.882071138132373,87.48
75.683774807402,219.31432803669676,42.67151925430317,64.86218120917445,8.571798863167285,27.92937474046478,15.616191499492924,28.36947499679356,10.637435330100331,97.88
197.10010921874047,175.95079425607136,96.93082694944364,63.622374031950784,2.3490776145327974,90.11935023725569,12.467218097510063,65.62396250058288,17.472370574744307,138.23
60.56626441144752,393.3038744252704,83.29788005879904,25.76497284964718,8.386707139905106,35.866863681902174,16.497634671543505,41.07873126251668,19.911378009813756,134.85
210.37194404971513,62.57478282385989,118.07758229691582,8.31170407799767,2.8648332756986634,43.10073889805376,33.24767847461389,33.01220377662665,11.654288986893631,98.0
122.15325042715585,171.1851276373818,20.512192629908967,33.43245394368259,6.464530909581206,15.22827568723148,40.85917141452278,48.48136421894881,16.249476420883433,66.49
281.651696733653,388.39876464464015,115.34904586279406,15.534912168947676,6.972090677747327,20.036099108914875,38.49439899569066,80.10843321672152,6.538820486733505,210.67
49.881073802338044,348.8927078397125,83.48365390803599,56.20618493439201,5.175282056136024,56.42757124410953,33.97970084560694,49.40701826784295,6.114879148945822,105.19
108.90924180457496,330.4873869607264,144.63384055955422,28.99577866994727,3.12257569929764,34.08334090551743,13.865115219388594,76.30772369082918,8.054074419891204,113.51
42.90732115977083,118.00307427707713,54.571464075609484,78.09759566707336,2.2051793260738517,85.1932203167975,20.121560620358245,29.411472259936303,13.450145253472982,63.79
278.1611493007832,84.93728320822501,96.73017450442248,51.9958220329359,0.42857461016801957,11.322404978945846,20.843240636286414,77.95785647488094,13.643833785101975,143.12
264.4284124804845,274.08442357128376,140.14407529895254,66.15348396348016,3.109069372283166,44.11846438047426,18.748493123916745,37.76999936799865,6.304788692989016,179.36
84.80307203739513,373.1628758684826,19.86391055864849,12.336924473864178,6.566311626259702,40.36109920921834,28.02519808984031,70.80448474166546,2.6641984827325738,112.03
201.39537334991192,231.56989934529332,140.8981306492854,69.23712961726456,9.389217702639979,11.739486782584093,28.74438352078854,62.433616613074726,12.64792512931017,151.6
246.99443805835259,237.21282199856194,104.74342973361793,73.97506086004476,8.724924374404216,21.19315591004592,22.491009130988857,89.68585379087655,2.5665172437752903,161.76
171.00823536384408,126.39205559090799,14.836373570249926,39.990829667877,7.684041287699496,47.227840742677174,22.38262055577526,49.04918884814855,11.569850164586601,87.33
163.59866772324187,312.40731461293603,48.639717207288356,49.28772914457624,7.905628698207657,54.357812600270194,38.99944592671285,24.962389162583033,13.86844256112618,134.95
80.13716436113098,91.07662445185888,107.68495285356583,61.65516447043365,6.683350544412353,46.38607725293822,37.625249691189,21.436661416343966,14.012229927889033,82.39
36.99980266371077,142.9981098336126,14.765837212971896,15.637412926312178,2.67683988990343,57.78439105708844,20.772854108826095,82.01439207295648,15.069442213191934,54.73
270.19256980646475,181.66584667423837,89.41471672555963,41.20015396414851,9.081230803987715,63.561850741511336,41.98259553556407,59.355172824607415,17.45718843131329,161.83
271.12123657736583,212.8919439000929,55.15304325817873,33.09571616624042,6.740249887867757,10.893143901505207,43.348525595087715,78.14330388762119,9.999179839295769,145.26
193.5994226092477,112.11569831773049,95.03275007628419,13.417171388655431,5.6483622467063554,51.768564350815346,21.43598897105143,37.581920000863605,14.604983790591424,112.11
108.3186394041232,63.637993400897344,11.632594902814363,30.667684938739452,1.1987957452134628,96.71493167988295,22.40487320775692,45.88128091349253,12.383454707316734,41.41
111.27077663767166,252.0356161278204,131.37283689209454,7.317440132068498,4.525849883683612,56.71290521165938,27.697195369768558,22.25779041584892,3.7327987959536513,119.16
220.52714687236943,129.6796102312972,146.15590053072256,4.013328742059985,4.65754688489907,70.97880407130579,42.939228438678576,92.1119243430584,0.5137928973881634,148.43
270.1619753862474,240.87052414059266,145.48728901642525,12.542970554076176,8.659179734274433,38.06774721251949,40.671180159980906,70.090093002561,5.690827713538676,160.66
267.255063036884,78.65783180419689,113.69951560272408,77.12297870395555,5.511817379859106,79.65922403374863,13.589878690425643,89.99038158194797,8.860674126752388,138.16
236.1639082987109,202.83323870483065,23.862504818941634,44.86330379981132,3.865965434807056,79.56293336885035,23.74557601449957,39.91223055718042,12.342118888573125,143.24
196.18917738474346,222.38398436960262,114.94816340970827,77.33412856995116,9.770323252255528,56.916644288872504,29.367991641242014,65.85977084192456,16.999186610064108,162.45
34.40058984856417,39.692943992522224,8.565102886526219,35.73483450975029,1.1961338739305254,97.84124409512923,27.6096365393039,70.88749762194783,3.924914334123313,28.16
56.872327087437995,147.90962571368982,8.207914971704602,26.32165838065025,4.283229440288252,21.2995193286388,16.785207377791245,43.816227519319135,2.510995797969542,51.35
270.580714672853,71.07757723681021,51.92348177668348,41.47906530153904,0.5160442841969124,11.525289840062289,40.058586990885416,83.60819262617225,19.26959894948655,102.39
185.86442730128107,44.08248877965174,75.85326260867653,36.28191171336699,7.42505079559261,79.31423905813864,33.6929274048893,91.03710971751859,2.1608911875281422,101.4
12.667144968822598,396.1848883081792,116.70907558213001,10.241845372416025,9.188957866771592,82.64399836283943,39.326793119813125,86.36413382720032,9.569821402143784,135.76
39.42674743114931,142.49446109039474,104.07782960794326,51.984452545836085,2.8723695625498458,20.818650620851862,40.05674977723153,75.43002319545295,11.711274575866037,69.64
202.4155130413362,327.7522894247613,69.6558924246285,18.85097823574877,8.597582600311297,33.90245496627455,36.19245487830089,40.809850979371554,10.827488418148764,157.76
11.46785931540342,116.76344881023026,44.67586661084155,50.32786048203071,2.992960481572788,11.579712702996602,25.372371043740106,41.12120315792238,1.720643140658864,45.53
56.63433491107461,278.9710344450931,149.58305252286812,52.71568520705596,9.116624600274761,36.39777497025082,31.36913642553986,92.25202403345284,1.1405382800723873,113.06
169.13279891630998,308.8865867580809,66.79628882421608,13.857938544034553,7.564222845608161,79.58276865268044,15.612789214191011,20.7713371951769,2.1096685492207135,135.87
210.64960733088105,246.34272143098082,70.45111852780295,6.785270914632116,8.068577090730242,56.6164474941321,33.57758961162177,73.70374799316085,11.71175367745225,152.89
199.06876525575416,199.19895164906018,28.725454072792033,62.89940371333831,0.2782649004444996,41.328603385145925,16.273863950874826,72.96846219164466,10.886897752686423,125.49
75.03809974356234,176.49954737596204,120.24738456873976,37.86443305400697,9.631822535032857,43.456536541569726,34.28823566785549,66.70171557123481,4.674815840734885,94.31
216.5319741907854,152.5699412863382,105.58392273831585,6.536776049427112,7.2940428214962,10.121826314392134,18.035935626388905,94.25816345651494,12.755482836911831,119.58
78.80223537407203,373.22107481417385,37.011593854370254,79.59957273924184,3.11703584432272,36.98204748087123,14.114295505257699,43.39095768227939,16.401350041112988,133.85
104.36591246618764,335.63537495933707,16.94525161429719,6.506883757716597,8.311007182102585,68.18128674741374,15.78495715500351,45.49788978449361,0.8315791969318753,124.92
226.482507484227,386.71022605327477,103.6723988008334,56.21274785096715,2.887059864307807,97.67749994347214,10.06972473266746,25.920455220991666,9.962598870960848,181.4
198.39354072369224,67.232944924507,99.9041260707646,78.72695617054626,8.740263011704666,86.23547442855096,35.15588662487356,53.20986024078031,13.786208242053807,128.79
256.2747890433116,297.7296405773848,44.622631414740354,20.656048128842198,1.2145458650781766,12.123546818097621,35.63403671704327,39.578639467613606,5.046238541393741,154.85
200.70773876709958,376.5693735919944,142.87521652630952,13.095450757601302,7.066491176861878,90.87045442073554,28.02266724696408,45.75400266332332,6.1554181058629815,172.5
174.80949496728678,88.86856514295086,26.903394308230535,11.468025274949454,5.452914918784612,80.48785719687633,15.64769803693843,82.59288426917207,12.272758059787677,86.54
37.16568267014682,45.26858159937545,67.68854615117728,25.655461510272453,1.055691254934864,80.23385112138824,12.924401812874141,90.16133851456217,17.958705868874738,23.53
116.63758288723572,301.62584673022246,141.82430842430185,9.881573258830443,2.4947488997625062,51.21961831032144,10.669513825305046,33.92998040038892,16.198488406057987,133.71
86.90868662770038,238.29978300836652,65.86046095428773,55.988584652142286,0.22279995914541642,45.82047636590525,15.801186193782724,47.93816986650994,11.66260438199167,78.63
80.75699657993424,339.8949351681434,97.58626241129241,6.85876025414489,4.740802858098608,37.26241559498733,41.17994372441014,89.64729215865455,14.604434355144985,105.68
292.17306087820924,73.11350311799,62.65118770460517,41.7349259956836,3.082526081524004,15.91253730589292,18.453789459558863,24.635634551691698,7.2964494041559735,113.28
123.99834015336052,322.20157850675827,44.76120434055716,79.7423546005322,6.023739094547812,30.54118271443292,22.39949645260255,26.92703960835339,12.819310561975154,128.62
268.69350100136285,96.61838161814292,147.67675895417509,65.48968102146947,3.0426542963153103,32.19432714802221,13.687091956846661,32.2093241904672,9.323631822551139,145.25
193.03020153920625,82.18925828896772,64.35343091568123,49.98711618201885,3.0691992039191485,53.566936273918145,17.78264566618596,64.6409625595156,3.7987227291512182,101.59
240.49527802707803,82.42100321377731,134.6443845334745,25.88778242135571,7.4576126674428735,77.26999659370246,28.17285997730718,31.28542032544981,14.034765477545143,124.39
155.7647570005057,329.5383936879252,38.343417854207495,50.6638752307478,0.5766140761856992,52.64288455581519,31.271343908347838,92.60572860880501,11.12929274697644,123.67
177.30212654164413,272.774943864556,35.90018208363708,43.109234185108825,9.038660452400674,15.206000450244455,18.58733099581739,53.50358954438902,7.172431639071828,139.25
152.83013120747054,218.76486141226533,9.514442018254147,35.23450394344898,8.537412356472696,96.20108208893835,12.020625572879101,57.61384702626248,18.226783801572616,110.25
66.6204664614329,156.35558396693094,99.49168967950334,12.195409385735559,6.711266363941425,94.8451887184701,23.686150419458954,38.49939618540549,0.41868235653466535,85.9
219.51111342583656,353.33620550898115,58.43631983994536,71.1551287887564,5.972893544063105,80.66705888335676,18.197117982421695,55.32201893260501,6.315463024989921,164.95
91.42398510784818,169.12914082060144,130.3319462267474,37.083202608063154,8.933794731582557,99.21951114077986,17.684387313043068,69.64352244777587,1.1376279555529312,104.99
17.051630265121613,330.3077869991993,73.61543647027578,17.180555922019675,1.9347687773342732,59.00340995202367,43.59519809497093,76.3382852715532,15.330546324432543,103.5
197.18696581307867,186.871265256683,145.38804704763464,30.68522936842859,0.8817947056892033,96.64915152278854,31.57051700740034,76.54010620324348,14.042149082275852,144.6
61.3620970280442,163.23888318146487,31.901199776952566,34.302120697256306,2.4711506821044273,16.80445365550757,29.490745511023356,63.341833452056626,6.62704437472634,61.37
282.73298946234513,195.81831855445046,130.95035935356356,66.5479558542162,7.966324959131883,42.91126734352342,24.552128623316268,87.8269831245393,13.51325804414146,176.37
286.63928733075034,134.523592182374,117.60654365480255,59.22192168378936,0.4432356405921849,30.284314120608926,25.01305167005505,81.3055885479582,7.918744523918997,150.86
275.31067316393006,304.0915644669754,116.78366747338754,62.00578170402451,5.869787667326547,27.6249775720843,28.931675134332828,76.7786086023969,15.125075828448686,187.6
117.34602307407887,211.03374823514207,127.4935680769487,2.8604386254344827,9.954831410293968,22.672265400340848,34.37504324626376,24.170414126034547,9.083673254734121,108.98
14.482418793371554,108.24082415579058,115.34847868673484,34.460011858021396,8.57139132899164,66.0172277409397,34.57511336636403,20.515847166473698,8.24559455663331,57.3
279.21238315044036,361.838337844336,95.80194663655523,39.54484382755524,5.262312321531535,80.31896701725745,16.009286769690735,35.93354578966047,18.694598309766018,200.37
134.17340301202114,165.87866412182035,24.0305072639462,3.4969975921984213,0.7300450019377592,62.04685594783246,27.503946322681944,69.76426954350893,5.017581997814005,79.08
290.32989752266417,226.55008722331567,9.716296026231529,22.265430282112668,8.330597792418528,23.22664386293887,24.418533326193568,50.83981166619094,2.4089467999313086,148.74
289.44979335588334,364.4594021665278,138.5229379332746,61.30260620352653,6.029887230954384,83.00113929401238,40.468443819428444,50.18046944744838,11.690862265189164,197.86
257.3727420855344,257.21043844731696,94.41429560550702,12.694557046861926,1.2378366708897117,67.23592364473556,32.09966224264318,86.34401661722103,19.386436245683576,146.65
95.39017870017985,64.42125546917835,120.49790719154556,43.75419025330215,1.0291871197512266,44.934913551429595,28.637642324559362,87.16721360988791,7.556784274543733,60.52
121.67834129455832,377.1362069731205,74.82074096931976,18.785746017344525,9.105305512422264,70.67172659824567,14.038812476262109,88.18814480401893,1.2407352725756304,144.94
256.8296347398885,258.5290601671388,22.0096873995472,2.945420422223675,6.725082603086976,33.39144813185496,31.1973261263194,43.540855738627045,6.7861053461913485,143.98
101.90738149532052,147.26413356969272,23.151939869369812,20.813713692764235,8.30993931323588,41.06729876447895,14.10213669880817,71.82918595544463,10.118633086391169,85.33
59.15289653896682,72.92338761208717,104.40696664820085,78.11815288298419,8.801891112794447,92.57372588187911,21.80223014480132,40.37248859557772,3.238460132644274,72.63
171.47236611292155,321.72957192271247,67.39435476042209,64.51989472687319,5.76054628527839,36.145405510427835,14.999468768501615,34.29573748058373,13.16204436112984,128.38
281.4848845066265,255.62764725283515,34.07608537154883,76.8469782570406,5.222718882374909,52.298944134214295,34.22257764585291,33.847434301052694,19.95498778020401,176.83
211.84864103574216,222.71521495100217,76.28120927750835,40.052615426256274,4.3612313621778025,90.11270236564131,17.21882398426534,45.65807156476956,9.034789519628877,152.04
175.31773932591585,359.6791815593639,14.310295875894443,10.559423496845273,3.2377712191320813,73.69492152407747,23.71507806158091,52.24682148348663,7.094571134604253,134.31
38.18118319352288,319.66694026532167,89.38585327758783,44.74084013994805,4.402500012501246,15.598290354823249,41.34861721665725,82.32118782913014,8.014083336689332,103.99
188.35209574275922,77.63645429844544,44.00404364308916,37.44143209567695,7.761408591728548,23.257273985107332,17.15107341896396,28.991832010453408,2.3029235679040228,91.07
297.11561653023637,138.45438576230833,120.64606959239228,67.85985245369004,6.059041967049803,10.705743169472514,27.77317723855727,75.11943855461706,17.665472028524476,163.14
50.624364418591966,114.42587312949698,50.002484043918194,9.650441301171078,8.935980570552976,66.7829611206247,24.674508140810772,59.8591185641979,8.296513110427039,48.25
160.31559918548365,302.69959117761726,71.00692161686118,40.0828086876987,4.4894621423539585,50.29060828693765,10.63434143660054,41.59590070069943,7.745488228496827,120.49
264.43819085910707,32.742325199596166,6.684978286674593,13.703795846130772,6.110186829315665,22.084736581204798,37.74653397504845,56.961468839961846,13.193805458609486,104.08
224.8228991487193,236.55808025110028,15.504798730211037,27.324722297424678,6.349944775610688,96.21407089510934,12.41660672101099,42.49565523327669,8.84066841862247,141.64
212.13456488862772,309.7343005814624,61.911565678969296,59.51385203624837,5.957801906832622,57.66937515510579,26.598925734193376,64.70614664287295,12.964669376156921,156.26
213.7203843562617,353.1709419694648,74.5911310339829,39.12941409076379,7.056074353546611,31.770396470160026,29.62374032286325,52.53829421414331,1.2289258026157501,156.57
114.252433853729,149.99106451204483,92.00297947729904,31.31928624137001,2.4505913369105823,55.05432140392368,31.994925981510548,32.33041468091591,16.27446687444455,88.73
95.14163483670308,332.0777757753649,47.29107391284897,32.76914972846275,5.172401397703327,71.1658299461597,34.102107025775645,28.743730591677256,18.81007905758805,121.9
244.71473508876895,62.040060042978745,105.77237348834866,37.83684793566696,1.131825547802642,16.861529617620803,18.86453342329503,61.002176155409764,12.975307723187719,119.34
244.93288445696243,341.6518708591169,129.71774759243465,63.23129041929044,3.9066621436836444,34.72334335431028,10.349257183045728,87.68097749645776,19.091318577176214,187.22
261.45097238823007,68.44569168615331,118.07839338953572,71.58260573733828,4.927903979350518,82.62689417955943,35.320528182421924,45.796826491826415,3.028646287399266,133.09
274.83976024137667,170.96917041293955,10.744729675511786,76.51610554730641,6.557020169500177,51.36983833623951,28.747980977165252,74.97500804169674,9.548323789607075,160.21
158.28929566967196,322.9722389962304,74.6735073523852,63.37846412791302,9.510257420603415,59.191942782906544,39.26411961225371,69.39960162048251,12.036134678908946,137.52
155.4397254592879,76.96862239253403,20.214875870635357,26.601737868344994,6.046445558828723,48.953440198852235,38.7485927015243,89.86661857321107,11.634732948423734,88.63
241.5056019003648,107.11553018840377,40.096527300066484,55.67450707475029,7.461579770147941,13.95099483787046,39.51641587257591,81.57357629743557,8.029235581780865,136.3
198.4895399255519,294.4559759893652,148.06607602373623,36.13304367632057,5.112033989002507,24.917480183814035,26.978313099283906,62.49539441790972,6.761688187325228,164.83
213.57039440473397,293.6138838875083,25.661853720719417,21.86430851959199,6.3776299106256795,50.09874748677018,21.6769938542903,69.27728736755805,2.536480451008376,146.09
240.77987413646932,263.63610049641295,77.33878225044663,67.58798319522197,0.8022289397243569,28.826691886713505,37.704537090697954,87.37898499380262,7.834849011245564,152.74
268.10154912709424,283.700408897498,94.63258147612727,4.9972552190613495,2.6184766503342853,14.498112579371085,25.795293956023922,49.96390884402011,3.2532163021097027,178.74
108.01859548694539,226.23528847208655,106.85742072889508,72.33743538656303,3.6823456227308733,85.92846976466413,16.420476874120208,44.509602939333305,14.687313529844367,101.05
118.91905626558376,115.68364238464204,86.14905910560255,37.99524224072926,4.777684214564484,98.30732762477042,39.9240906846516,20.810831272639724,4.1766187098918,82.48
37.25476255385201,151.3644775314894,6.41677287578163,51.70171519104587,0.551922580473599,81.38285865970656,40.889595687032156,81.99133056435983,1.171306105690677,51.61
177.70124088889045,89.00713238454175,52.33688969537882,53.429605932051054,1.4862385657778452,86.84064295342003,26.320841464905953,80.07355253025236,11.047322756344686,112.83
20.423259401055205,365.21121330677875,80.06818829078316,71.81918377510983,2.8404616471339272,31.777941728534085,12.64949045584256,27.834088857511354,11.904594654388031,107.68
145.02342525841345,241.68888201112577,17.740642376000835,51.66023520904217,9.718173639920401,96.45642779618798,23.573913147092593,63.264303584952515,17.43826122561011,111.77
167.36694406519723,172.32353837018314,55.84090502533121,49.88681961128482,3.3803353703202026,27.723313400808554,38.12381808119112,54.798627362516555,11.539632248353637,107.95
93.09696311720248,195.5622053847704,9.814450774748153,7.198859163733817,4.872206475309617,95.6286829325649,41.562090999118,28.90318216318336,6.9096170744689145,78.34
181.34164556501312,379.96766905248984,16.39388208747801,42.43582571172592,2.04136735611009,99.5337364569356,17.121545987415853,93.54261702955426,16.06023763052641,147.67
18.845072482324333,78.27353318411048,62.55387504923143,13.71318206372925,6.146722703650106,74.05505251714439,12.344076420884504,36.10219155975166,10.805577863748422,52.9
20.83097473727218,242.76733616638296,24.243784336243753,59.519833960275875,2.878763833608146,98.30293586126398,40.707265859649354,25.042563506792085,1.5856056926238349,60.9
248.5541625913009,212.23769797609708,87.29342299792593,41.95330982338861,2.149226526540425,61.25858016103933,23.629172864260635,64.61355346264321,11.317011206264933,168.83
114.45528600926623,252.35260946516618,104.97242052490353,55.05776677825156,5.214069021615193,33.35876048584813,28.961633749364715,75.41500078497745,18.160370908433247,126.57
46.84754866904659,26.881869851919394,121.08507137081702,5.2504862469859725,0.15450741168816615,49.32962970990588,43.88230342177656,22.433258453539022,7.926252509964411,54.95
161.45054541589326,351.40708539877755,34.02178541549746,8.613777251572651,0.17587392322733075,63.42048418409074,12.3297654769978,69.40382290452666,5.926516037996001,132.7
233.29813039859715,374.2049473437727,29.284974427565114,57.87322426888922,2.268781210108392,16.577340582431347,32.69113026082334,59.921890696359085,2.869389140360401,168.15
72.58809797408452,234.7506097638994,20.16233684848804,7.622578207896522,0.4635414887581293,66.01089381555215,12.593689790120347,27.74487566562863,3.0289104387071464,66.8
190.63823798751008,284.7273130732191,97.28238618382733,7.5580247656901705,1.1694549658938447,98.3060053086065,23.14141249632751,32.93929077097715,8.655429686836378,141.59
34.750764848192716,370.5497648473724,107.43898034060066,2.944461068321221,3.454720428453641,27.109688480535485,38.13350908177064,62.598072298706036,11.913596483230592,112.28
24.987699138896232,288.7506810390915,9.579990999718095,76.60710906735945,8.045598227840149,81.33356046595449,25.171528146447205,42.22682101349663,1.612308103392035,100.68
164.09284315476293,77.96483630741932,140.75077570533503,59.525652037802544,5.763281569356078,91.71089144016574,44.90138238660327,90.37367964884871,18.791371780503315,100.05
166.78418526693088,238.989576863389,12.5358361294635,29.553609863161004,5.175410486968523,94.93314335381987,29.567074973131078,81.40551721130382,15.10267234890392,118.14
194.8546714344799,250.55171762548525,83.48796861865522,25.129775340437106,3.0055393497604044,96.41220439649025,21.24067534225837,93.76754048852473,11.732478365673254,140.99
220.56648677957185,181.1696550949067,107.81377532038287,29.276851920176266,9.324361822384882,56.93136748493247,17.70389640666636,39.475312921281045,16.568773418779816,130.02
292.99710304413503,299.8488095373947,131.2905229431824,62.42297543213218,4.030448908248197,97.95771171923533,22.268218700015666,92.72927245984827,1.6037351362422658,204.45
159.72710100734665,375.05946561222567,108.54260515920203,53.586907663492326,0.9622183912781378,78.1579186420995,23.03866458158428,52.34254023436684,9.536777554662487,151.56
103.65737715296133,371.716034904575,121.25057204511981,16.4452542936625,6.208958509566233,24.55042926132657,12.404978720338633,46.06390964853159,12.601862537233268,135.19
240.60399648292406,191.3189611335702,54.22027791870688,15.580528156058579,1.227000095418354,52.9210095821173,22.93509697993706,23.776214522701494,16.573058122365786,132.33
88.54135286600152,63.03045741948699,123.14964149324427,9.67486067764499,3.517709113736752,74.64980578348036,26.24834819087287,23.9573943394702,15.669391200985354,63.18
137.30171200463445,394.2396556056871,16.616652725777897,53.503612136704376,5.123378193306308,32.2606284237175,35.29582132835816,71.9008441959991,5.541384994267993,141.03
32.75235058925713,338.781272849455,134.74841512877651,61.621067653295405,8.75480299438324,67.65536651939986,32.98553196525628,54.344674582552095,18.817603391184086,115.18
17.351715590482677,67.37181885724141,84.40089454229175,22.673621409350314,4.9861111453671745,69.99404311419573,34.8067979330204,36.98912195270793,2.486916828617407,39.64
289.16804025659826,369.9199153946015,123.50817664456159,3.6337069604111996,7.052361783713476,24.64297694277093,10.292728865689998,66.04777297439244,17.502672372423042,194.16
252.43423494853968,350.56061758360875,70.58615125515352,8.409390063161332,9.928886706090797,60.85767812074806,17.61835898531876,38.96435886875834,19.418804992092372,185.29
211.8325197671724,217.1584617079074,98.31876580349612,77.49308271791237,1.4017422869900182,79.44642198807469,33.158950093994974,63.32238157583169,3.5430704644525113,163.29
128.59635388013828,244.68466558307313,81.32838583573641,25.04469264323878,2.819842102643243,54.900609808234776,26.93962788629115,46.94065602370178,14.441321284075705,116.15
60.255352820545276,171.6210274706495,111.08048065452311,61.99940553137442,4.006303148416699,11.089280509849669,10.185971648392108,81.76641699588643,0.8057103755599693,92.22
55.36674237461495,40.80942275237191,16.83634739443549,50.723758370632574,4.2760989675344305,10.813462217136296,38.15731248511378,81.55221205750846,8.108456502783099,25.41
82.57044046773265,147.37495182544234,13.75105217863175,31.79129189292588,4.169108645128903,42.1326409573011,37.04833506516181,55.8012798591801,10.325665983953481,71.48
169.27573276477494,325.08431046724434,40.829968931471235,18.0436064512533,9.085348925309894,93.35746615886038,29.194670704774694,46.311433200126174,11.612904518192682,135.02
217.2328175830181,21.760168741749087,28.13397861641231,11.4681406164337,7.168923180221879,30.580910164324788,12.326216402169525,47.19198474193209,18.71874496497119,78.86
201.45723924814206,146.7296852426348,131.40861715586925,49.9710115070316,6.118261619497967,67.09273199845185,36.82802673364046,80.42858942511634,13.445013745883895,126.76
91.18083011432343,171.30410356455846,36.786028166916424,62.42143488974746,3.162789906841543,29.986828362398853,30.429975570597737,44.6134612098209,9.62555902438474,94.48
286.9109313923263,224.2103291164107,146.50046209377405,52.224531776208195,8.255524803790818,38.950299069359374,37.36859920052857,35.679453028013455,16.193500725317787,191.29
223.99010584177287,369.545134236849,53.849889806810495,43.36356639343435,9.555099063701391,86.32378806413355,36.31114473385442,26.351625640648013,19.01065641908818,180.84
170.7626752283062,151.61147785906527,31.407097774861395,5.272195427667628,8.229862997247242,75.59752980429522,38.105072518524295,55.00198406633063,0.44132297364581685,91.88
187.39901640796214,151.8422167205665,119.50628353565948,77.54212465236193,0.11549454139558175,18.585934958188957,28.13028232416187,56.15990741898814,19.650425445120774,121.07
131.68401810405908,300.2504742817044,100.51262744762704,64.29970694905683,6.400373564815729,48.58318188877902,14.911358136773025,83.06815328021804,1.7226427812736067,139.18
81.84198695533567,191.84281753812672,77.23837888570515,24.84011886267525,0.6062402762767972,12.625278728073802,33.49051156828911,36.592902233454794,16.287735585375227,84.21
113.23207680886586,105.34983271719315,85.52771488595653,78.43768568999035,2.6503114813038464,53.28011319427081,31.71658247681897,48.57434552512999,5.60669505102825,68.79
229.77537203466704,191.92701613042348,109.28425784947825,48.94676399163313,0.6892945334429397,69.61906105309612,35.97886155196805,80.63043041702682,2.643593155077435,136.62
14.174111702629201,73.52566774432395,38.125937493038315,47.42896734016522,6.077574984198939,20.66523612383364,15.945835211775735,81.77177080617301,8.797112794276698,35.8
43.66106574700571,87.02705487236486,149.4684178282276,60.34970799550351,6.897240143576807,35.99964450182491,16.824131996510122,48.84583069840761,12.879131588952271,74.54
23.340766186308297,209.3797536410023,146.34500851128357,65.31804347103073,1.2334276168524607,45.805296295194125,41.164333102676494,54.43430174650107,7.6190369004695,60.76
21.81135267250134,179.19167081172822,99.29722452030585,53.205331371857206,3.900004942145297,92.75779221904448,36.24922294582248,42.74644181369622,1.0913081656539791,71.68
258.08356936319205,367.641442405878,33.933655384726045,11.991468216563602,4.616741438659866,99.39295138806676,41.787997104511305,89.9416158814484,11.989222793174331,182.23
214.06077922020685,157.70968166432058,103.63309515253724,28.384865467570876,3.7536249154330745,14.042016909605426,36.55503624073722,28.898282430618522,18.048065522213495,137.33
147.5104104353243,240.6235731056565,15.468769301980497,74.39052394543188,1.2981475048034112,78.49071311458529,30.900435709660567,90.03120672511025,7.664307318945034,122.97
38.371906588790424,260.26042940942153,9.444612819841879,19.52001772382045,4.247583122856006,43.45516597621089,32.89464579597558,71.28998388765075,4.326655552616541,81.12
152.56860378388137,24.97589350356678,42.364018834125986,31.02902785932604,7.536662673303339,45.3212367606532,41.11947733790035,59.86791145150484,8.851546918656307,69.05
147.30681352636404,272.14420136635,72.08032872720086,35.70199686964729,0.8029758788792292,77.88384760123205,30.25823640791792,22.449429558837192,0.9672542209756174,107.38
60.2285422739044,87.65366741050555,130.89951328421517,36.27358919616727,0.8937821394108442,92.65837889308678,32.133696351493555,55.669714386650625,16.409751689605496,65.14
135.81697827901218,385.20672063839294,110.43951511611466,49.80928743457299,3.612235789176244,95.58357350522935,15.47668506012602,50.58110787520492,16.526816219003734,165.72
125.5663729752383,76.49183654618292,112.69244557399725,75.55991534408719,9.423084545027358,61.94103274344887,26.587242704063595,32.09141089813419,11.760009268592569,109.52
188.59652843514277,177.557167016269,66.69653349497094,20.77403152293539,6.718869202556849,42.14090433704526,35.07389891853346,69.23072026254927,7.062057778767789,129.03
194.1771587516167,52.432873869884666,55.16057391930962,11.47710735147161,6.818832571058391,80.87941772729013,19.48299444107279,92.83631805262144,15.995667288915667,103.28
23.13816283389291,398.81221570146,58.80062063276739,17.402698209075112,3.6830079092948633,32.59012449360702,17.078896318358723,62.16416082983938,11.093740495767344,107.45
118.63765824167665,210.83410392587217,148.2091867417284,71.18014221632302,5.9772418329645305,60.7666625950166,20.983938287854542,73.60649573329593,16.518646171000324,116.51
191.49937555712856,246.24630658161664,10.81583275480996,52.37324338710607,0.20029872187465947,42.272061537238585,18.45252197974917,25.13378394245126,12.629175851660413,124.95
155.90951498822542,45.48906140760244,130.71956693775505,24.30072956065449,6.397350859454468,69.09679663370885,17.521942296273856,51.3250246862746,15.688109464255946,112.35
258.38205394461346,304.98497875168755,88.90793424299704,65.64386123955214,9.141540781004744,31.635902160415622,24.869779500383043,28.72688638733719,11.971259864355199,171.43
201.02115316949406,99.7641253763226,68.59923578249061,69.18685971634801,6.16447733661371,27.24336511613432,41.7743479859237,65.95968766523828,8.282821364313325,130.51
57.25098385361461,361.26062998747125,110.16236076019479,68.02811841784168,8.749616075316816,92.64151780078933,27.74708763585514,90.3861618660616,19.15891719852275,125.88
30.464936746124653,97.95306338316273,75.56699650658192,73.67626962388525,7.267333249114329,19.162331465458323,16.577213328536306,69.6333299353729,10.822276497576894,69.37
196.30159067983152,92.46133385219329,131.64636952184077,21.674799573522204,1.2935283223965337,55.53621169614385,12.694008428330593,25.760228623581614,12.101790370810768,99.97
17.688280057070326,33.88887378227605,135.6017702816325,60.893270442209705,9.034287742129832,29.876750466670803,34.36546507982739,46.59996537388121,4.409752788294985,54.58
179.87491856930436,199.3854391417997,66.14953439665103,37.92208078738292,0.7577940591221713,13.50369669931007,23.397956755273576,61.29975345806386,12.51301578854553,110.73
282.6667700132377,234.63963063979423,45.14003059908248,67.6758871254248,5.386277978222862,13.241693646228375,38.76408313048758,50.24058170999392,11.432152989658878,150.48
176.8875115840049,44.9692829827739,90.89079764603753,58.82227281860583,1.507157525555231,25.76995948952446,33.08287690242696,82.52330078563793,3.696767958940499,95.62
122.56927859989135,314.700494344104,137.29268511442018,62.56290082697852,0.21589544623595025,88.00933190554002,37.868450768947895,81.10032535324919,1.1917419470628743,149.12
196.55358334828242,192.2497572042505,35.54601740582166,53.18062333912358,4.278139175263626,35.4230869579324,19.518111379645706,65.8873265077416,12.087186394295422,115.35
142.8933382425398,219.26830234448042,95.330154616705,15.839444018637137,3.020903005776147,95.54132535177662,34.23256228613704,48.00934588495289,15.27384538700641,103.86
168.22886890162113,187.4898438365267,96.57623191341548,44.51209967396119,4.91140488859627,62.34600636902742,19.24216946428016,39.15022803224331,10.468027418440165,122.69
283.0247945451923,172.28996313262388,111.30138825021574,78.80423968291164,5.814278878672053,49.29527707918895,42.8673967807602,27.9405738659847,4.5354525063929145,165.32
121.96976496222453,232.6633258971228,24.07731434345267,75.11626918677527,0.5330168158585789,62.207995120250914,32.2730998536681,46.617326261491556,13.330439533860698,110.61
288.7452635089351,78.99129345367075,108.79461987890284,5.36755139216691,1.317732621725082,56.5028546703641,21.357913006136975,50.987938790578966,1.602114532192045,148.22
272.5516861672585,89.13268958820302,136.80971549651795,14.855555626896095,5.630559724859211,78.28986283815927,19.432915180229543,70.68671938280552,8.836674096039092,144.62
66.77942908889597,347.47853598513655,31.054050786185087,12.27484432945583,3.4973567964093166,35.424645937556704,16.682430477507523,69.36198682231802,3.2673351679684037,122.59
30.114777253797982,379.52387561078046,39.44378211396226,58.626432978853046,7.318817526739535,41.77453524402721,34.31243356128047,25.25811047309427,3.689181021197667,109.25
39.22562039945373,161.85754018630612,145.85228863603774,65.78725572884171,6.557687321060203,90.46848722799257,17.655046454927454,49.64444865733684,4.045878983164073,82.67
15.28432943894942,122.88297579455043,31.241658142876016,18.65388657223241,8.471483193600077,95.1810861835365,30.835614307462116,33.63341504130214,7.734141140879558,33.8
37.388458619219236,264.71982643082595,128.88583853858898,41.45651005024266,6.95567898402533,90.33024047378271,19.26222594238751,31.76095289876043,1.0230041124079525,98.77
208.0719642907435,175.31898501727665,76.38028918496505,67.5748361848736,4.356317666162466,47.75031945615822,33.1689130677854,82.04766123029344,7.955868818581964,129.57
30.644708053466406,29.646815150931047,40.84850578846067,59.15852049176755,6.7623695617048805,80.23289527061935,38.52289049891887,23.143641253719316,10.234148942294016,49.33
102.50293278519078,79.33798699915233,131.25873568451414,44.294502028364164,2.8262736251286436,52.87021599709889,37.23088351006286,51.4387156926591,9.665885699326504,86.45
255.01384018114183,292.06944696201106,69.5692619753865,48.04711985578429,3.1325036379043056,54.778586693149194,36.629796582577356,32.61527418248886,7.655682008060811,157.46
16.7488613633895,270.3910979258575,79.64851631980508,41.65212265946984,7.910953083215854,28.421209815155557,16.570284199228823,85.94976617588556,16.78293216141505,86.09
246.19585995079137,30.296477151323728,57.088838562966025,25.208779202868005,4.519553212375663,63.20172729326648,13.093473144458155,61.778038495627634,2.906533848410082,118.07
91.73788468428597,104.34942153452079,90.97787345806448,46.07171544300326,8.00396537113169,26.752230797801314,34.463208997058494,37.35354772826361,10.113934875627479,94.79
44.26780001028031,107.80842270346713,28.710961524828303,55.73305355990708,8.241981499315957,39.84082291604744,22.892152482802295,57.68204653747823,1.240828339131086,65.19
212.0537779556037,275.31924256751677,61.7068228145053,70.119187437143,8.589867142846709,86.95271814579417,25.132117924117154,74.86147697773369,1.423113577558195,166.12
192.39342556616637,27.49000434665838,145.5647867386167,51.63072561038135,9.174688834827952,28.63682282897697,11.090218247768687,91.85885066895753,11.477316993541926,109.78
264.46688392284534,59.56126115413806,42.42934774166349,61.36747988936632,4.366753683081632,16.404245665608954,19.085175724626723,36.53345031840642,11.32036849775642,125.5
223.17060270312686,323.96811244181197,100.22681635848737,14.485587526456694,3.2567815013792747,16.21068333515347,11.17867413560624,86.46363290970089,17.56067025688914,175.62
243.0094698116061,87.84697158064677,52.152559312580756,38.00148300474361,5.863767591281727,94.6706068452797,40.77150204104367,90.07280856256178,11.157473513201463,112.24
91.79002604567889,268.04352098371237,117.15360322455709,2.7278663465132773,3.7746069920325134,55.622839416565114,18.51888391264857,88.73154083990497,19.195820408097003,107.0
61.457467696119615,110.50945679775607,23.976680804160726,21.240951432686597,6.050634251322306,46.84708646353165,29.50680093505528,67.65607676464325,0.9738969679985954,49.73
227.6782779758489,57.78772924855116,145.62405153638898,58.66401377881438,7.0853000401738635,82.97907229071266,11.364276223139564,67.23654908260308,1.9601536956148213,134.22
243.98207438750657,112.40543257979255,70.79948350062769,79.36117620525035,6.915209683072155,85.22433351194644,33.339658695698034,50.24079748878671,0.8813172314076279,150.23
297.2464911801953,294.4614341051505,39.227317185237276,9.73589176780284,3.8080735814992015,39.89719298040441,21.305957101393286,76.4298411727841,3.7055370066708004,169.66
129.65912630431367,345.1646578803886,15.657028362851836,33.31655663718048,1.751915996817653,72.42562517264157,41.4271715435183,59.8470513763199,10.825402218833561,102.66
117.88524487990712,335.4835485354568,29.614896237693408,64.40553555853444,4.362240450775855,79.40105342666979,41.08413661269125,70.80785534212208,12.911443628548561,124.16
235.15975861517907,170.92974125501283,80.36722254062256,17.91477950105411,1.5116820264108966,68.91856181793591,21.38517164266117,52.13434278865966,0.911703158973376,145.51
108.83302667337517,273.87235189684554,53.865460582536514,45.29662604557833,8.911960648319702,23.643556732008943,41.53363134916638,74.86223480323542,18.919417796911986,119.64
279.91962442503376,97.89403225801198,125.18808805297837,59.179561090314635,3.5241868613047886,88.82947751653514,44.86551857245726,81.83536382034117,16.84330753300762,155.57
258.9396980344734,131.39613749918504,67.47869093096186,50.046865120293965,1.6291514975109056,58.51850974624078,38.88954824433819,30.982719245211207,5.932249643141862,134.63
134.40826793875533,360.60761103802554,41.06356952520633,16.66592930000246,0.35193282306693374,35.422518373300335,39.57049717143302,82.46972866806709,1.5437506045293592,116.96
227.75260965953424,24.940730934079696,94.48602305758436,29.719996357487673,6.493641624236194,48.27053668939245,18.715305763818147,60.52223988427304,3.3977414643811454,115.57
228.81743348455788,52.49324172469787,107.48269644838965,63.135759189860984,6.405332942801958,13.381398135901664,30.18458396002147,83.34994318176683,2.5388882750994535,110.74
39.90592196242046,98.99677695549038,29.22107664563773,45.229668102297296,3.471981249154788,21.50801211001758,12.353956988857874,52.347627975576096,2.465675585978937,68.8
271.74034293707433,30.082237472051492,29.304786361806062,2.4079098563471932,0.809947699591745,78.89920754642748,13.32212778875844,48.42803640372763,10.371233773314678,117.64
156.52318800987857,88.94546533412299,10.31735690536373,61.35727928219132,4.155326059462797,10.001047127982952,44.96124142116517,88.62955493879169,4.916948849868006,78.47
249.67266517124506,241.55579316848304,111.77829218451788,4.7542856853386475,3.1810532011275967,47.490924563406296,21.432373729906885,38.837695066130095,7.162794330582889,152.69
102.81438429887741,180.1413292251492,101.25165650516173,60.16723505303611,6.803494333376593,57.02591629770296,36.18643692170963,83.31592439646073,19.790106667686448,101.72
269.7017362638981,359.2152502092504,73.82147698372302,17.79348369288852,6.097214569581634,14.917097800087507,38.23327685593858,56.30154293820531,13.686284978506896,182.62
122.86848683290731,330.6285534606075,127.40471510053358,76.72973144931166,3.709477909155646,97.57703466750996,40.03081448525302,58.55715819134448,18.979613340940027,156.88
13.142918929286525,149.89059364519287,121.82217217775771,30.69937860156259,2.257136287124402,30.351279812470473,44.91699040907548,43.1351211117113,2.851131100662312,61.72
272.56077316158644,118.58090470389115,89.87638283752906,27.50066607437017,9.881556064940359,37.37788476726528,18.452376983990376,62.97816504642618,7.642789496651385,138.55
36.47313626797873,164.2831151035614,130.8993356744225,13.613267925930685,4.594616049841537,37.35482610295246,11.41227894008949,44.390839720715846,11.094636065647085,91.81
102.6009549012203,244.31207815562695,34.846975455331396,25.83712880823676,6.913914934224347,30.73749959056149,24.39170312981051,22.945206068123923,1.5351612377747603,100.76
285.5179704447334,121.86418351269297,21.228344812670542,70.37875942259964,1.4914743790257718,10.132643987768027,14.552823444013143,40.39989540082671,0.0837488725591573,144.12
285.67607261189124,257.17658498267093,44.113693669963496,79.71407833492529,4.907338026628038,75.64103146791967,10.784906120671929,20.4784282554943,13.40868667593835,169.15
176.29698755575296,175.57642783267136,13.277594132950654,30.72814337953417,0.3726135267077083,97.01609498193568,22.614938949952013,93.37660902926424,12.836390336028707,112.6
193.23279152924178,229.7779287237525,82.01958156014965,36.99162921445432,5.104005667313454,30.186413495654055,37.43083878763328,92.43104073648107,8.215776199992234,138.9
140.04920137371275,185.72808107142035,140.8078253827694,58.32153317981349,9.643772330465254,69.67424726230801,29.81632419287748,49.63664731042287,9.792881520640652,106.81
95.03112379243872,131.8969886259287,10.704813396933899,71.12327087627581,3.9036464585594226,76.77066942628436,20.947229622362393,74.62781407547345,8.308860011841793,97.01
105.31271815727563,380.41225664561955,22.705937531453884,48.257458066569164,0.48606052449162473,86.35828411814722,32.90197019224519,45.93545738078187,0.48010089689777713,140.51
205.03035226234115,310.17020178070914,70.56885910109811,32.53900445787069,0.4064623301015009,48.03662773122482,18.120636310808376,70.3319867814482,6.707432124349248,147.35
228.1886135369272,73.24300679125196,140.4118775415462,34.184503586192655,3.941068923474008,37.26378150763863,10.503350612522976,80.40725322844844,3.5416451079457967,113.73
239.55792268049606,350.0178308412069,50.842635221628825,56.25821542675094,1.684246870985621,39.2765620620728,36.75236852527496,91.00671835191805,1.9684837820273748,174.67
238.98926141042062,205.2238553348152,78.5490472598169,2.251024561133737,0.33118575364904057,74.13591997886616,31.831007970240318,50.0159206887254,19.134408677786997,143.02
36.44976988412021,359.9298462197547,11.028064562306854,50.32796832186757,7.586514778106751,83.51015198550725,36.6805918575336,78.74734872170357,11.987194500843312,106.9
153.38188836374863,323.9449972599798,26.509764139502884,29.728454814425877,4.639377787930718,26.34525709809424,11.362830584068297,39.94463379740891,14.573125684732053,132.89
26.69204040482684,181.58113169830872,148.0613678290328,63.94739183961257,2.96352324252928,43.38469073419887,39.299186974072825,94.27492278452362,6.30727486532235,84.73
169.3633758738833,28.538337161644613,144.9422109832266,9.25326990620431,9.010823511863158,91.17461770742351,31.683417001270616,21.932719907326337,7.862942589880304,115.72
138.04384539827933,122.09739656627951,5.716297235489394,47.87977682197446,1.2497757059852037,82.60241677252652,29.718837274942405,65.26466048758408,4.73847987793447,90.84
267.43421299990695,225.82100157112944,143.01270888636964,39.51588541111765,9.56359640665766,98.63725624862282,31.861491684008605,69.46294862384954,1.9393134193084949,168.23
111.76535364010282,260.721723533936,97.67239098324755,52.101391020607736,3.208270502035793,77.88234337138726,40.255163640392745,71.60341678055966,3.580632748831676,132.77
43.9494347640057,117.99732046461686,130.8481527054032,7.058580369671531,8.895196355855944,45.38756809251301,30.542777729561745,29.029068409181676,15.950280905929716,86.01
51.4675877953224,72.95530814767318,70.93727906690957,47.23873541939424,6.069134477146669,63.1574050595174,30.333263296086276,90.38973376048479,13.550916103675517,88.77
230.83808319806695,337.27348998373367,79.76142414399129,45.79579786084285,8.284402861440725,69.49128288225883,44.6737704973018,33.58874592875621,10.938577519709538,165.05
189.28323836171572,394.0728286673498,75.88275413725343,45.73148736446133,9.841730315783597,17.061023468541155,36.48555584739988,66.70650524298807,9.50179745733536,172.52
39.32557607560917,219.76226927502063,101.69531734418513,49.07203799452348,2.955213834405583,59.00472631934786,25.480283190789734,36.70070593423137,18.44868567312249,63.55
34.39097377334926,85.23812862235533,25.24943193966537,54.764499103656256,9.61524130553517,73.83887456253487,34.75889500115247,43.04123127659531,1.454698955573368,56.74
213.28104812314479,123.47678407736021,9.346170531538302,64.78914197510005,3.955870759533962,25.058917360095435,23.6230665092126,60.98439062960933,5.612016264758319,106.66
31.10127184561612,26.988457088037357,49.64984153072268,23.04601617000072,3.916567856895531,80.25685456830014,18.010641186922463,51.289506392343235,6.998757071414281,54.02
248.3394171942033,367.4335464929896,107.17871059681377,66.35385399404484,3.4698323321196067,62.539550246270046,30.88981569107158,32.01692007323797,15.648516244255756,182.53
214.8102458753839,64.74541149825363,34.268750557827516,40.86394321654938,5.459935312741093,95.69996071278352,42.4863734339883,32.82023018156362,19.850292403239425,91.53
33.59114638615093,239.07626069541635,102.64770283211301,8.01054577247783,1.6260359274670224,13.818006838620253,42.519883200541194,51.36085911220997,4.813410295143061,73.33
34.60293708470566,124.14098386113828,145.6372466855542,6.566972481030378,5.58174370504431,33.87935237999203,21.966684733692162,76.79622337066255,17.486146682741612,46.52
296.12547776534086,230.5876409560015,18.615603789465666,28.07058885829274,5.4628776428590395,64.13984913698417,28.468711317759325,87.34734851358414,16.612455208635826,171.73
118.5385307692749,267.5397475737084,102.52730714264331,63.22196421469447,7.642827944788213,36.69039209853376,17.40725644994514,26.309574669453713,4.493147952835333,104.73
117.48622264939837,335.3018854087366,69.34378179916281,57.19911290979143,8.353134623182097,74.2981747664118,44.84708883246092,49.48279306695508,7.986651603984452,136.47
245.71187450467573,98.44008326902922,130.88062688473826,63.5119672444477,4.460369368092998,78.3104754269738,44.33912677537775,27.518417279215747,8.193457385850383,119.94
284.702087441319,24.178414890222584,30.686719469870958,42.34698640244553,3.0930991685797884,19.2264367659827,32.73281253976066,21.244436047444843,19.564413370531167,113.94
295.94030850863254,72.01653942614676,105.43076307279385,36.335521840528266,2.6674154834392354,56.24690177860909,38.154492088711564,69.62890119829675,3.6178380275779665,159.94
228.47967372509308,362.00708390227993,126.52671699897599,13.501297083090147,2.0267759833782324,55.80015000319503,35.028505644929496,65.18370814749409,15.98315942209564,181.83
119.11527980396558,352.0782294737558,141.96906182373337,27.5990347815263,0.6707110637703463,43.2352693193987,30.76053766638139,32.22643353611647,6.683854283462198,131.09
34.21520784261394,247.01697882471714,104.07096410199864,35.853510561562274,3.4902349904636623,93.96323763127049,11.86717989461142,37.53596248197981,14.617406915523208,89.63
235.37260561895667,248.19640696478828,77.09034078122195,8.910833515010143,2.7754521520947546,84.47556878858991,25.916751989343137,21.77808152333888,8.400220085913258,152.79
171.93723242338348,272.7139363275771,94.58784982917601,19.207732311474476,9.667532120077432,72.7488443718673,33.61752057585937,82.62104042708029,11.5671952623308,148.38
133.02438268162314,86.64108587691085,130.99122274941413,48.66157293697163,5.621317379875435,74.28939721614978,33.71360648592896,93.10179470364136,16.652235466522622,84.43
272.8427716774734,367.4765394514847,87.7384132626303,59.381722910656805,3.538042686402025,51.55445294318072,23.059291644783425,30.15946525960181,16.083311299677682,200.45
42.24726986878389,179.1327994589878,9.406123656041345,79.87110588865008,5.84662924983759,92.88950689869183,42.95921953303107,37.36064103239735,17.328463670794005,44.15
152.86128024434916,165.59264073480904,139.98756084851178,74.7828398447975,1.4780473433223857,72.51358845279569,15.857496128287334,85.13071429602006,1.1923465068931804,115.06
13.292556982551531,217.18872800747826,104.98137889957637,52.12008556374494,4.496033117101809,75.60829554902348,27.51258061754462,89.48478484671386,13.841011060794896,73.06
145.91158617829663,37.84706737452092,103.09444093770074,34.85734815693762,6.299719782068532,87.55218134086107,34.180939179278795,51.47205371051078,2.7997475344352574,95.09
26.327949947732833,83.18768012731017,36.27289709766899,51.62183444724215,4.940088534745269,34.66644304079719,34.39975320621332,23.79668542018056,8.316371360368219,43.06
44.45719571774086,300.4527742420208,100.5383931837353,63.2808262102581,4.07761012647781,82.63638134800327,32.702363486908546,22.954387526961455,10.97176830109377,92.05
44.082611565360416,51.46349381154806,62.11033881985298,11.23022289202421,9.939099050107012,27.571654266084284,19.635087470815108,63.046239955175785,8.054789694936614,36.19
198.27098761365843,249.1978015972275,99.42878167101635,33.97258139631048,8.815116145274377,41.0807757020399,15.467229904031768,49.467133166988425,10.39223351606015,149.46
226.35301498697277,113.23266167890196,20.455989394658655,67.50457827957814,6.271718985778457,40.20494088428585,32.25791143893488,22.14893206832409,19.930526175972382,118.73
179.17694187817628,167.93233333595109,100.38756916744022,31.938970250777434,5.7368358757046,98.06729215502266,30.97557406488032,63.743929423441756,2.7043462742570945,120.21
289.03003905761716,129.70361997286597,149.91499023674666,46.60603715572055,6.244538750263382,87.08835013731341,16.277460360123435,20.847690244176686,13.509120906728512,160.53
118.71246806187418,155.15563225668066,11.990745634780623,47.84601014725146,2.092989867442089,73.10528754312338,34.679870094969715,79.05289686119548,7.920019327712304,92.92
92.85650502173961,293.23744397001326,146.690256712091,16.38914774442387,4.011863658316754,75.4351085453851,25.931019710677973,42.98246170275287,2.6601959781465756,118.1
261.8937471749435,132.9062519368065,64.00165430481624,30.254364448878494,0.4906493756199033,60.586551496231394,33.37162070611035,23.019350225692406,3.1747352674861906,134.62
74.84279317064127,235.23376331282094,131.25925029890257,28.091880521870706,4.807905771119584,95.23816003976671,39.307847791955275,64.12641657373649,18.98546212491234,127.95
289.3345364377773,200.89915283565787,118.44589518844965,4.043343265501054,5.4759433811808655,54.66328775941254,15.94049500019231,49.8263310824791,17.592029934235242,153.59
13.524797660046739,272.1950428378063,87.21735784306684,3.8869575835257093,2.3547223874217753,44.246593888290505,10.670070379889284,93.03503100178621,18.140839208300438,59.11
291.26485974521535,375.99530094340804,112.07513534144235,66.87236940671033,9.643885586938586,24.67318032384319,37.26859052385254,60.81489968777766,19.83065551654773,217.92
22.516374465667074,298.3773969398951,132.38475638869545,23.29952317787937,9.103600648278697,80.75850870349522,31.339409880341556,40.642938577775624,4.166307800170359,95.89
268.4315029724406,101.67734386448757,63.60034663939978,42.410143766627606,7.249218031013468,76.09995388680323,34.48738493677426,73.20791484754811,7.1087867472812345,136.01
163.03332163502697,31.849591323288173,52.41980842666961,25.3005947399243,5.3805276247770895,44.59195346717214,39.33542412460249,40.36190019070335,13.384380598497334,73.44
297.9597908745971,119.66033683393353,101.80104090671978,75.37298111899656,8.712694680512081,12.267407256330642,38.09838271885752,87.81824685556738,9.676050797212945,156.26
31.40100377326567,246.12961366609684,122.13766158148249,22.225147191530354,1.393458203852283,85.50975949462097,43.632205142508866,48.10414778805323,8.36779066756667,103.85
170.61774247638303,39.54180912401513,115.53134454260929,35.513231393636936,7.926046963321362,11.027618510866628,28.75772775982414,61.24014220821539,7.156224986711861,103.64
291.0977353295387,208.61917393646982,120.682979084502,70.07295953779894,1.3357260582717982,73.33298016661459,27.097347143096687,23.792982786817163,11.875612638869043,183.54
161.69837480934316,246.8002825884179,68.15958064787529,67.67081820976108,7.962685559239113,97.32313987534513,24.066051996175553,51.959092846417306,11.51186857280164,121.97
192.52560505922614,147.0126785104451,123.58596134537814,16.515910592009632,2.830098925688434,49.38951953333831,15.37918649954716,82.42726547457463,3.2291566812848016,111.19
211.76711980553898,312.9466374234123,22.430313028738222,64.60617816406541,8.78319675208007,31.14760644963575,30.041253150870784,80.42366040225065,9.43479675036878,127.35
141.81690878265422,60.507336190833286,83.95091920432318,37.738577165555625,9.446016728871438,73.43839090390435,19.69543835140926,36.82389191401447,11.069435524196997,82.71
191.99184322437839,48.55235705960733,5.835005772227627,39.671572022657706,1.573080097110645,83.54153278140267,42.245762927454145,36.9559303257922,11.40573877462781,98.42
179.45115045769907,296.7117273573693,52.06494533553919,12.411437848443615,4.680488490147396,59.17872844700626,30.411678149698414,81.29789841599276,4.202143858247036,144.26
271.3358230423868,208.28670015835542,58.136922556352694,8.286918073055723,9.811775043810583,97.03317477305316,30.749406317783855,89.77988151269942,14.845427845045736,158.6
23.179450299022783,281.5929106425397,62.44504028334203,58.77926594395368,4.885733616134151,14.650184949216499,22.422363130695352,27.152069095475266,0.5039818964213927,84.39
91.4793249817468,185.23438866942357,105.84274497003001,40.72396988371338,8.649120472893998,55.43160384740753,11.819627319219762,53.7543979569669,7.096637110863253,92.92
285.619330382202,113.63277263086059,61.34092468420013,36.07435480398401,5.9284420691000665,74.6608552590295,11.111031788054602,45.309070922317176,15.604252970712672,147.52
268.1764973283657,331.2588807161959,70.06057528026695,58.901641834886945,3.8157660884040587,87.63764240342611,24.816730045361915,85.30163415930795,11.277858421108046,193.36
142.14045830785676,323.7780340082121,39.44389897677748,61.71000612130656,2.9292571997061154,26.133005071701103,12.959788233403325,26.264368601001408,5.223248650217204,114.61
189.83845336244565,283.98465892468215,59.121509786254315,14.394837078209578,2.111908601752264,82.00031335873133,31.239643443904868,35.83444569185281,13.899062386860955,143.97
90.44054306452848,123.41515214738583,37.954095953156965,49.59756165925602,7.6418020946392025,59.743636814669074,40.83405519738801,76.43512531898708,11.347818883121468,86.61
64.55513631989078,244.28765341025309,15.613408946424327,12.557618417659471,3.9267510175479763,45.68983137909669,40.90201857815528,23.847038673591168,15.924872189127743,77.24
144.47253743259483,157.17008083721018,92.5000460402998,60.60725671026556,5.161627075787436,21.854352572118422,33.066589354628135,56.9401535535717,14.700503723796468,114.6
112.47214612755532,54.801187864120976,101.89085579047736,53.24250218883688,4.974022252011701,87.87661830180211,17.393114101552584,53.158027600979004,12.202158440724693,109.21
179.2602724367529,368.57915867565225,94.8261001713941,76.61594044450972,5.815062389407999,24.154588736174382,40.204889097560525,45.080088424156145,9.76355350621628,163.64
32.543044719845604,71.99107974920534,72.20663635108299,7.378725275800852,8.669213741683068,37.880907328818935,41.01327023596228,49.59292364891928,2.663642513350468,50.88
292.57449422318825,381.09019445190495,60.068938125988325,6.450268249797837,9.80931950147595,36.10409787661932,16.882875473353554,59.74554401976747,5.226660357707676,191.27
296.0011158990848,189.48219372402318,130.18337918791465,24.01059182606961,4.135083664880788,88.42726307717689,35.809913001973705,32.10255187912873,8.381989458341705,174.74
